country,yearmonth,alpha-3,region,avg_max_temp,avg_min_temp,avg_temp
Albania,2022-09,ALB,Europe,24.36470588235294,15.476470588235296,19.423529411764704
Albania,2022-10,ALB,Europe,23.45483870967742,13.738709677419354,18.016129032258064
Albania,2022-11,ALB,Europe,17.506666666666668,10.57,13.596666666666666
Albania,2022-12,ALB,Europe,14.635483870967741,8.293548387096775,11.048387096774194
Albania,2023-01,ALB,Europe,12.135483870967741,5.34516129032258,8.174193548387096
Albania,2023-02,ALB,Europe,12.171428571428573,3.2535714285714286,7.203571428571428
Albania,2023-03,ALB,Europe,15.32258064516129,5.97741935483871,10.37741935483871
Albania,2023-04,ALB,Europe,16.71333333333333,8.233333333333333,12.263333333333332
Albania,2023-05,ALB,Europe,23.009677419354837,13.183870967741935,17.77741935483871
Albania,2023-06,ALB,Europe,27.473333333333336,17.336666666666666,22.103333333333335
Albania,2023-07,ALB,Europe,32.148387096774194,21.458064516129035,26.783870967741933
Albania,2023-08,ALB,Europe,31.925806451612903,20.358064516129033,25.58709677419355
Albania,2023-09,ALB,Europe,31.76923076923077,17.746153846153845,23.684615384615384
Andorra,2022-09,AND,Europe,14.623529411764705,5.029411764705882,9.25294117647059
Andorra,2022-10,AND,Europe,15.82258064516129,5.729032258064516,9.812903225806451
Andorra,2022-11,AND,Europe,7.6866666666666665,-0.82,2.6866666666666665
Andorra,2022-12,AND,Europe,4.651612903225806,-2.603225806451613,0.3580645161290323
Andorra,2023-01,AND,Europe,1.761290322580645,-6.903225806451613,-3.306451612903226
Andorra,2023-02,AND,Europe,4.6499999999999995,-5.267857142857143,-1.3678571428571427
Andorra,2023-03,AND,Europe,10.390322580645162,-2.42258064516129,3.1258064516129034
Andorra,2023-04,AND,Europe,11.693333333333333,0.5033333333333334,5.586666666666667
Andorra,2023-05,AND,Europe,12.44516129032258,2.264516129032258,7.080645161290323
Andorra,2023-06,AND,Europe,18.56,7.5,12.69
Andorra,2023-07,AND,Europe,22.677419354838708,10.819354838709677,16.52258064516129
Andorra,2023-08,AND,Europe,22.848387096774193,10.22258064516129,15.890322580645162
Andorra,2023-09,AND,Europe,22.661538461538463,8.961538461538462,14.792307692307693
Austria,2022-09,AUT,Europe,17.08235294117647,10.494117647058824,13.511764705882353
Austria,2022-10,AUT,Europe,18.94516129032258,10.274193548387096,14.170967741935485
Austria,2022-11,AUT,Europe,10.479999999999999,4.933333333333334,7.493333333333333
Austria,2022-12,AUT,Europe,4.72258064516129,0.5258064516129033,2.635483870967742
Austria,2023-01,AUT,Europe,5.941935483870967,1.861290322580645,3.8225806451612905
Austria,2023-02,AUT,Europe,8.242857142857144,1.6071428571428572,4.692857142857143
Austria,2023-03,AUT,Europe,12.812903225806451,4.83225806451613,8.506451612903225
Austria,2023-04,AUT,Europe,12.643333333333334,4.823333333333333,8.596666666666666
Austria,2023-05,AUT,Europe,18.58709677419355,9.241935483870968,13.8
Austria,2023-06,AUT,Europe,24.626666666666665,13.7,19.153333333333332
Austria,2023-07,AUT,Europe,28.961290322580645,17.61935483870968,23.138709677419353
Austria,2023-08,AUT,Europe,27.0741935483871,17.39032258064516,22.0258064516129
Austria,2023-09,AUT,Europe,28.338461538461537,16.823076923076922,22.207692307692305
Belarus,2022-09,BLR,Europe,13.952941176470588,7.388235294117647,10.447058823529412
Belarus,2022-10,BLR,Europe,11.819354838709677,5.951612903225806,8.680645161290323
Belarus,2022-11,BLR,Europe,3.6766666666666667,-0.03000000000000004,1.91
Belarus,2022-12,BLR,Europe,-2.190322580645161,-6.238709677419355,-4.04516129032258
Belarus,2023-01,BLR,Europe,0.7387096774193549,-2.9645161290322584,-1.067741935483871
Belarus,2023-02,BLR,Europe,-0.5678571428571428,-5.503571428571428,-2.8392857142857144
Belarus,2023-03,BLR,Europe,4.396774193548388,-1.8258064516129033,1.3612903225806452
Belarus,2023-04,BLR,Europe,11.84,4.213333333333334,7.916666666666667
Belarus,2023-05,BLR,Europe,16.925806451612903,7.032258064516129,12.245161290322581
Belarus,2023-06,BLR,Europe,21.783333333333335,11.903333333333334,17.056666666666665
Belarus,2023-07,BLR,Europe,22.925806451612903,13.296774193548387,18.238709677419354
Belarus,2023-08,BLR,Europe,25.370967741935484,15.48709677419355,20.306451612903224
Belarus,2023-09,BLR,Europe,22.253846153846155,11.984615384615385,16.807692307692307
Belgium,2022-09,BEL,Europe,15.923529411764704,9.511764705882353,12.494117647058824
Belgium,2022-10,BEL,Europe,18.480645161290322,11.238709677419354,14.387096774193548
Belgium,2022-11,BEL,Europe,12.17,7.14,9.416666666666666
Belgium,2022-12,BEL,Europe,6.490322580645161,2.106451612903226,4.15483870967742
Belgium,2023-01,BEL,Europe,7.225806451612903,2.9451612903225803,5.041935483870968
Belgium,2023-02,BEL,Europe,9.332142857142857,3.1535714285714285,5.803571428571429
Belgium,2023-03,BEL,Europe,10.90967741935484,4.025806451612904,7.193548387096774
Belgium,2023-04,BEL,Europe,12.629999999999999,4.893333333333333,8.58
Belgium,2023-05,BEL,Europe,18.02258064516129,8.351612903225806,13.12258064516129
Belgium,2023-06,BEL,Europe,25.096666666666668,13.773333333333333,19.626666666666665
Belgium,2023-07,BEL,Europe,23.08709677419355,13.870967741935484,18.383870967741935
Belgium,2023-08,BEL,Europe,22.84193548387097,13.929032258064517,18.10967741935484
Belgium,2023-09,BEL,Europe,26.72307692307692,16.707692307692305,21.26153846153846
Bosnia and Herzegovina,2022-09,BIH,Europe,16.88235294117647,8.123529411764705,12.152941176470588
Bosnia and Herzegovina,2022-10,BIH,Europe,19.212903225806453,8.374193548387098,12.983870967741936
Bosnia and Herzegovina,2022-11,BIH,Europe,10.706666666666667,3.75,6.8966666666666665
Bosnia and Herzegovina,2022-12,BIH,Europe,8.23225806451613,2.1806451612903226,4.796774193548386
Bosnia and Herzegovina,2023-01,BIH,Europe,5.032258064516129,-0.7935483870967742,1.8451612903225807
Bosnia and Herzegovina,2023-02,BIH,Europe,4.514285714285714,-3.932142857142857,-0.09285714285714287
Bosnia and Herzegovina,2023-03,BIH,Europe,10.074193548387097,1.096774193548387,5.17741935483871
Bosnia and Herzegovina,2023-04,BIH,Europe,10.283333333333333,2.8633333333333337,6.456666666666666
Bosnia and Herzegovina,2023-05,BIH,Europe,16.783870967741933,8.916129032258064,12.674193548387096
Bosnia and Herzegovina,2023-06,BIH,Europe,21.336666666666666,12.09,16.693333333333335
Bosnia and Herzegovina,2023-07,BIH,Europe,28.248387096774195,15.706451612903225,21.851612903225806
Bosnia and Herzegovina,2023-08,BIH,Europe,26.25483870967742,14.503225806451614,19.90967741935484
Bosnia and Herzegovina,2023-09,BIH,Europe,25.361538461538462,12.215384615384616,18.099999999999998
Bulgaria,2022-09,BGR,Europe,21.594117647058823,8.594117647058823,14.623529411764705
Bulgaria,2022-10,BGR,Europe,18.787096774193547,7.190322580645161,12.287096774193548
Bulgaria,2022-11,BGR,Europe,13.35,4.876666666666667,8.389999999999999
Bulgaria,2022-12,BGR,Europe,8.751612903225807,0.9419354838709677,4.04516129032258
Bulgaria,2023-01,BGR,Europe,6.874193548387097,0.18064516129032257,2.893548387096774
Bulgaria,2023-02,BGR,Europe,6.75,-1.8035714285714286,1.7785714285714285
Bulgaria,2023-03,BGR,Europe,12.02258064516129,2.1193548387096777,6.54516129032258
Bulgaria,2023-04,BGR,Europe,12.833333333333334,3.433333333333333,7.8933333333333335
Bulgaria,2023-05,BGR,Europe,17.458064516129035,8.32258064516129,12.667741935483871
Bulgaria,2023-06,BGR,Europe,22.736666666666668,12.736666666666668,17.613333333333333
Bulgaria,2023-07,BGR,Europe,29.39032258064516,17.067741935483873,23.283870967741933
Bulgaria,2023-08,BGR,Europe,29.216129032258067,15.82258064516129,22.322580645161292
Bulgaria,2023-09,BGR,Europe,25.623076923076926,11.807692307692308,18.46153846153846
Croatia,2022-09,HRV,Europe,18.91764705882353,10.529411764705882,14.411764705882353
Croatia,2022-10,HRV,Europe,20.148387096774194,11.290322580645162,15.135483870967741
Croatia,2022-11,HRV,Europe,11.423333333333334,6.319999999999999,8.576666666666666
Croatia,2022-12,HRV,Europe,6.796774193548386,2.6903225806451614,4.635483870967741
Croatia,2023-01,HRV,Europe,7.461290322580646,2.3806451612903223,4.680645161290323
Croatia,2023-02,HRV,Europe,8.621428571428572,0.6642857142857144,4.203571428571428
Croatia,2023-03,HRV,Europe,13.625806451612902,5.216129032258064,9.041935483870969
Croatia,2023-04,HRV,Europe,14.51,6.003333333333333,9.953333333333335
Croatia,2023-05,HRV,Europe,18.983870967741936,11.029032258064515,14.916129032258064
Croatia,2023-06,HRV,Europe,26.06,14.936666666666667,20.303333333333335
Croatia,2023-07,HRV,Europe,29.74516129032258,17.690322580645162,23.39032258064516
Croatia,2023-08,HRV,Europe,28.374193548387098,17.238709677419354,22.432258064516127
Croatia,2023-09,HRV,Europe,28.50769230769231,15.399999999999999,21.430769230769233
Czechia,2022-09,CZE,Europe,14.647058823529411,8.31764705882353,11.21764705882353
Czechia,2022-10,CZE,Europe,17.383870967741935,9.170967741935485,12.793548387096775
Czechia,2022-11,CZE,Europe,9.133333333333333,3.65,6.23
Czechia,2022-12,CZE,Europe,3.467741935483871,-0.9096774193548387,1.3451612903225807
Czechia,2023-01,CZE,Europe,5.012903225806451,0.8774193548387097,3.0
Czechia,2023-02,CZE,Europe,6.421428571428572,0.6428571428571429,3.2857142857142856
Czechia,2023-03,CZE,Europe,9.97741935483871,2.7548387096774194,6.016129032258065
Czechia,2023-04,CZE,Europe,11.036666666666667,3.24,7.15
Czechia,2023-05,CZE,Europe,17.75483870967742,7.712903225806452,12.812903225806451
Czechia,2023-06,CZE,Europe,23.223333333333336,12.236666666666668,17.86
Czechia,2023-07,CZE,Europe,26.882758620689657,15.16551724137931,20.93793103448276
Czechia,2023-08,CZE,Europe,25.051612903225806,15.883870967741935,20.11935483870968
Czechia,2023-09,CZE,Europe,25.946153846153848,14.661538461538461,19.861538461538462
Denmark,2022-09,DNK,Europe,15.276470588235293,10.882352941176471,12.91764705882353
Denmark,2022-10,DNK,Europe,14.980645161290322,10.380645161290323,12.448387096774193
Denmark,2022-11,DNK,Europe,9.526666666666667,7.069999999999999,8.383333333333333
Denmark,2022-12,DNK,Europe,3.329032258064516,0.567741935483871,2.029032258064516
Denmark,2023-01,DNK,Europe,5.296774193548386,2.2838709677419353,3.7806451612903227
Denmark,2023-02,DNK,Europe,5.789285714285714,1.5892857142857142,3.539285714285714
Denmark,2023-03,DNK,Europe,7.058064516129033,1.8903225806451613,4.212903225806452
Denmark,2023-04,DNK,Europe,10.42,3.71,6.913333333333333
Denmark,2023-05,DNK,Europe,16.37741935483871,7.699999999999999,11.958064516129031
Denmark,2023-06,DNK,Europe,22.32,12.860000000000001,17.60666666666667
Denmark,2023-07,DNK,Europe,20.64516129032258,13.693548387096774,17.154838709677417
Denmark,2023-08,DNK,Europe,20.31935483870968,14.603225806451613,17.270967741935483
Denmark,2023-09,DNK,Europe,21.707692307692305,15.392307692307693,18.423076923076923
Estonia,2022-09,EST,Europe,12.494117647058824,7.511764705882353,9.841176470588236
Estonia,2022-10,EST,Europe,11.125806451612902,6.419354838709677,8.819354838709677
Estonia,2022-11,EST,Europe,4.616666666666666,1.5333333333333334,3.3366666666666664
Estonia,2022-12,EST,Europe,-1.035483870967742,-5.216129032258064,-2.92258064516129
Estonia,2023-01,EST,Europe,0.5677419354838709,-2.5064516129032257,-0.8548387096774194
Estonia,2023-02,EST,Europe,0.375,-3.392857142857143,-1.4035714285714285
Estonia,2023-03,EST,Europe,1.9806451612903226,-3.0032258064516126,-0.4258064516129032
Estonia,2023-04,EST,Europe,9.083333333333334,1.9033333333333333,5.286666666666666
Estonia,2023-05,EST,Europe,14.51290322580645,5.33225806451613,10.106451612903227
Estonia,2023-06,EST,Europe,20.40666666666667,11.063333333333333,16.06
Estonia,2023-07,EST,Europe,20.57741935483871,12.238709677419354,16.49032258064516
Estonia,2023-08,EST,Europe,21.338709677419356,13.958064516129031,17.451612903225808
Estonia,2023-09,EST,Europe,20.207692307692305,12.292307692307693,15.73076923076923
Finland,2022-09,FIN,Europe,12.564705882352941,9.685294117647059,11.055882352941175
Finland,2022-10,FIN,Europe,11.048387096774194,7.97258064516129,9.551612903225807
Finland,2022-11,FIN,Europe,6.05,3.8066666666666666,5.04
Finland,2022-12,FIN,Europe,0.9951612903225807,-1.9725806451612902,-0.4580645161290323
Finland,2023-01,FIN,Europe,1.429032258064516,-0.9129032258064517,0.3241935483870968
Finland,2023-02,FIN,Europe,0.8375,-2.376785714285714,-0.6428571428571429
Finland,2023-03,FIN,Europe,1.1580645161290322,-2.635483870967742,-0.7112903225806452
Finland,2023-04,FIN,Europe,5.908333333333333,1.3516666666666666,3.466666666666667
Finland,2023-05,FIN,Europe,11.566129032258065,5.946774193548387,8.743548387096775
Finland,2023-06,FIN,Europe,17.584999999999997,11.543333333333333,14.72
Finland,2023-07,FIN,Europe,18.879032258064516,13.97258064516129,16.508064516129032
Finland,2023-08,FIN,Europe,18.69516129032258,15.079032258064515,16.86935483870968
Finland,2023-09,FIN,Europe,17.65,13.953846153846154,15.684615384615386
France,2022-09,FRA,Europe,18.28235294117647,10.74705882352941,14.405882352941177
France,2022-10,FRA,Europe,20.706451612903226,13.296774193548387,16.503225806451614
France,2022-11,FRA,Europe,13.163333333333332,8.04,10.363333333333333
France,2022-12,FRA,Europe,7.52258064516129,3.2161290322580647,5.15483870967742
France,2023-01,FRA,Europe,8.474193548387097,4.0612903225806445,6.161290322580645
France,2023-02,FRA,Europe,10.432142857142859,3.417857142857143,6.457142857142857
France,2023-03,FRA,Europe,12.948387096774193,6.341935483870968,9.316129032258065
France,2023-04,FRA,Europe,13.729999999999999,6.239999999999999,9.879999999999999
France,2023-05,FRA,Europe,19.241935483870968,9.525806451612903,14.312903225806451
France,2023-06,FRA,Europe,26.21333333333333,15.006666666666666,20.526666666666664
France,2023-07,FRA,Europe,25.251612903225805,15.583870967741936,20.287096774193547
France,2023-08,FRA,Europe,24.845161290322583,16.232258064516127,20.296774193548387
France,2023-09,FRA,Europe,29.623076923076926,19.546153846153846,24.246153846153845
Germany,2022-09,DEU,Europe,16.18235294117647,8.876470588235295,12.394117647058822
Germany,2022-10,DEU,Europe,17.612903225806452,10.125806451612902,13.63225806451613
Germany,2022-11,DEU,Europe,9.386666666666667,4.516666666666667,6.73
Germany,2022-12,DEU,Europe,3.770967741935484,0.26129032258064516,1.964516129032258
Germany,2023-01,DEU,Europe,6.216129032258064,2.5161290322580645,4.390322580645161
Germany,2023-02,DEU,Europe,6.867857142857143,1.3035714285714286,3.9107142857142856
Germany,2023-03,DEU,Europe,9.883870967741935,2.9129032258064513,6.148387096774194
Germany,2023-04,DEU,Europe,11.793333333333333,4.083333333333333,7.913333333333333
Germany,2023-05,DEU,Europe,18.970967741935485,8.583870967741936,13.8
Germany,2023-06,DEU,Europe,24.746666666666666,14.25,19.603333333333335
Germany,2023-07,DEU,Europe,25.51290322580645,15.667741935483871,20.5
Germany,2023-08,DEU,Europe,24.625806451612902,16.532258064516128,20.283870967741933
Germany,2023-09,DEU,Europe,26.93846153846154,16.515384615384615,21.50769230769231
Greece,2022-09,GRC,Europe,28.68235294117647,18.98235294117647,23.258823529411764
Greece,2022-10,GRC,Europe,24.506451612903227,15.161290322580646,19.183870967741935
Greece,2022-11,GRC,Europe,19.68,12.536666666666667,15.566666666666666
Greece,2022-12,GRC,Europe,16.35483870967742,10.129032258064516,12.741935483870968
Greece,2023-01,GRC,Europe,14.661290322580646,8.306451612903226,11.106451612903227
Greece,2023-02,GRC,Europe,13.15,5.6499999999999995,8.925
Greece,2023-03,GRC,Europe,17.106451612903225,8.938709677419356,12.603225806451613
Greece,2023-04,GRC,Europe,19.296666666666667,10.95,14.95
Greece,2023-05,GRC,Europe,23.551612903225806,14.541935483870969,18.91290322580645
Greece,2023-06,GRC,Europe,30.116666666666667,19.326666666666664,24.466666666666665
Greece,2023-07,GRC,Europe,37.483870967741936,24.85483870967742,30.761290322580646
Greece,2023-08,GRC,Europe,33.096774193548384,23.351612903225806,28.070967741935487
Greece,2023-09,GRC,Europe,28.115384615384617,19.715384615384615,23.6
Hungary,2022-09,HUN,Europe,18.41764705882353,11.405882352941177,14.58235294117647
Hungary,2022-10,HUN,Europe,18.970967741935485,10.848387096774195,14.416129032258064
Hungary,2022-11,HUN,Europe,10.870000000000001,5.843333333333334,8.110000000000001
Hungary,2022-12,HUN,Europe,5.361290322580645,1.164516129032258,3.193548387096774
Hungary,2023-01,HUN,Europe,6.874193548387097,2.4129032258064513,4.483870967741935
Hungary,2023-02,HUN,Europe,7.935714285714285,1.1857142857142857,4.2214285714285715
Hungary,2023-03,HUN,Europe,12.883870967741935,4.929032258064517,8.625806451612902
Hungary,2023-04,HUN,Europe,14.083333333333334,6.1466666666666665,10.01
Hungary,2023-05,HUN,Europe,19.835483870967742,11.625806451612902,15.64516129032258
Hungary,2023-06,HUN,Europe,25.653333333333332,15.706666666666667,20.65
Hungary,2023-07,HUN,Europe,29.503225806451614,18.648387096774194,23.961290322580645
Hungary,2023-08,HUN,Europe,29.154838709677417,18.883870967741935,23.90967741935484
Hungary,2023-09,HUN,Europe,29.415384615384614,18.46923076923077,23.876923076923074
Ireland,2022-09,IRL,Europe,15.794117647058824,10.061764705882354,12.799999999999999
Ireland,2022-10,IRL,Europe,15.23709677419355,10.843548387096773,13.108064516129033
Ireland,2022-11,IRL,Europe,11.798333333333334,8.408333333333333,10.118333333333334
Ireland,2022-12,IRL,Europe,8.103225806451613,4.501612903225807,6.369354838709677
Ireland,2023-01,IRL,Europe,8.906451612903227,4.841935483870968,6.825806451612903
Ireland,2023-02,IRL,Europe,9.975,6.053571428571429,7.95
Ireland,2023-03,IRL,Europe,9.541935483870969,4.691935483870967,7.120967741935484
Ireland,2023-04,IRL,Europe,11.273333333333333,6.705,8.941666666666666
Ireland,2023-05,IRL,Europe,14.829032258064515,9.464516129032257,12.149999999999999
Ireland,2023-06,IRL,Europe,18.378333333333334,12.851666666666667,15.626666666666667
Ireland,2023-07,IRL,Europe,17.516129032258064,12.406451612903227,14.979032258064517
Ireland,2023-08,IRL,Europe,17.648387096774194,12.785483870967743,15.187096774193549
Ireland,2023-09,IRL,Europe,18.96923076923077,13.915384615384616,16.307692307692307
Italy,2022-09,ITA,Europe,24.370588235294118,17.205882352941178,20.541176470588233
Italy,2022-10,ITA,Europe,24.806451612903224,15.52258064516129,19.770967741935483
Italy,2022-11,ITA,Europe,17.39333333333333,10.743333333333334,13.753333333333334
Italy,2022-12,ITA,Europe,14.912903225806453,9.435483870967742,11.8
Italy,2023-01,ITA,Europe,12.748387096774193,5.909677419354838,8.932258064516128
Italy,2023-02,ITA,Europe,13.535714285714286,4.721428571428571,8.707142857142857
Italy,2023-03,ITA,Europe,17.029032258064515,8.596774193548388,12.13225806451613
Italy,2023-04,ITA,Europe,18.033333333333335,8.546666666666669,12.879999999999999
Italy,2023-05,ITA,Europe,22.541935483870965,13.490322580645161,17.674193548387095
Italy,2023-06,ITA,Europe,28.8,18.283333333333335,23.34
Italy,2023-07,ITA,Europe,34.309677419354834,22.41290322580645,27.967741935483872
Italy,2023-08,ITA,Europe,31.69677419354839,21.593548387096774,26.229032258064517
Italy,2023-09,ITA,Europe,30.838461538461537,20.823076923076922,25.376923076923074
Latvia,2022-09,LVA,Europe,14.394117647058824,8.81764705882353,11.423529411764704
Latvia,2022-10,LVA,Europe,12.938709677419356,8.0,10.312903225806451
Latvia,2022-11,LVA,Europe,5.433333333333334,2.1933333333333334,3.8
Latvia,2022-12,LVA,Europe,-0.7741935483870968,-4.619354838709677,-2.561290322580645
Latvia,2023-01,LVA,Europe,2.0193548387096776,-1.4483870967741934,0.41612903225806447
Latvia,2023-02,LVA,Europe,1.8928571428571428,-1.9428571428571428,3.9650822308041306e-17
Latvia,2023-03,LVA,Europe,4.564516129032258,-0.37419354838709684,2.083870967741935
Latvia,2023-04,LVA,Europe,10.956666666666667,3.8233333333333333,7.296666666666667
Latvia,2023-05,LVA,Europe,16.203225806451613,6.97741935483871,11.851612903225806
Latvia,2023-06,LVA,Europe,21.52,12.536666666666665,17.290000000000003
Latvia,2023-07,LVA,Europe,21.74516129032258,13.158064516129032,17.403225806451612
Latvia,2023-08,LVA,Europe,22.919354838709676,15.138709677419355,18.780645161290323
Latvia,2023-09,LVA,Europe,21.27692307692308,13.03076923076923,16.8
Lithuania,2022-09,LTU,Europe,13.970588235294118,6.976470588235294,10.24705882352941
Lithuania,2022-10,LTU,Europe,12.264516129032257,6.193548387096774,9.112903225806452
Lithuania,2022-11,LTU,Europe,4.336666666666667,0.68,2.5
Lithuania,2022-12,LTU,Europe,-1.570967741935484,-5.432258064516129,-3.3677419354838714
Lithuania,2023-01,LTU,Europe,1.9580645161290324,-1.7451612903225806,0.2032258064516129
Lithuania,2023-02,LTU,Europe,0.8,-3.9964285714285714,-1.4892857142857143
Lithuania,2023-03,LTU,Europe,5.396774193548388,-0.36129032258064525,2.335483870967742
Lithuania,2023-04,LTU,Europe,11.793333333333333,3.953333333333333,7.6866666666666665
Lithuania,2023-05,LTU,Europe,17.216129032258067,6.767741935483872,12.006451612903225
Lithuania,2023-06,LTU,Europe,21.926666666666666,11.633333333333333,16.833333333333332
Lithuania,2023-07,LTU,Europe,22.90967741935484,12.729032258064517,17.858064516129033
Lithuania,2023-08,LTU,Europe,25.11935483870968,14.82258064516129,19.68064516129032
Lithuania,2023-09,LTU,Europe,22.96153846153846,11.507692307692308,16.715384615384615
Luxembourg,2022-09,LUX,Europe,15.494117647058822,7.341176470588235,11.123529411764705
Luxembourg,2022-10,LUX,Europe,17.24516129032258,9.519354838709678,12.829032258064515
Luxembourg,2022-11,LUX,Europe,10.086666666666668,5.0633333333333335,7.3566666666666665
Luxembourg,2022-12,LUX,Europe,4.82258064516129,0.4548387096774193,2.574193548387097
Luxembourg,2023-01,LUX,Europe,5.303225806451613,1.5483870967741935,3.329032258064516
Luxembourg,2023-02,LUX,Europe,7.807142857142857,1.2035714285714287,4.042857142857143
Luxembourg,2023-03,LUX,Europe,9.72258064516129,2.8677419354838714,5.929032258064517
Luxembourg,2023-04,LUX,Europe,11.496666666666666,3.743333333333333,7.403333333333333
Luxembourg,2023-05,LUX,Europe,17.516129032258064,7.558064516129033,12.541935483870969
Luxembourg,2023-06,LUX,Europe,25.243333333333332,12.693333333333333,19.063333333333333
Luxembourg,2023-07,LUX,Europe,23.335483870967742,13.019354838709678,18.148387096774194
Luxembourg,2023-08,LUX,Europe,22.419354838709676,13.606451612903227,17.69677419354839
Luxembourg,2023-09,LUX,Europe,25.95384615384615,14.407692307692308,19.76153846153846
"Moldova, Republic of",2022-09,MDA,Europe,21.264705882352942,11.58235294117647,15.858823529411765
"Moldova, Republic of",2022-10,MDA,Europe,17.83225806451613,8.764516129032257,12.793548387096775
"Moldova, Republic of",2022-11,MDA,Europe,10.166666666666666,4.153333333333333,6.946666666666667
"Moldova, Republic of",2022-12,MDA,Europe,5.506451612903225,0.2612903225806452,2.6322580645161286
"Moldova, Republic of",2023-01,MDA,Europe,6.67741935483871,1.1,3.7806451612903227
"Moldova, Republic of",2023-02,MDA,Europe,5.246428571428572,-1.1107142857142858,1.7785714285714285
"Moldova, Republic of",2023-03,MDA,Europe,12.990322580645161,4.080645161290323,8.048387096774194
"Moldova, Republic of",2023-04,MDA,Europe,13.143333333333334,6.303333333333333,9.473333333333333
"Moldova, Republic of",2023-05,MDA,Europe,20.925806451612903,10.935483870967742,15.974193548387097
"Moldova, Republic of",2023-06,MDA,Europe,26.113333333333333,15.543333333333333,20.933333333333334
"Moldova, Republic of",2023-07,MDA,Europe,30.193548387096776,19.003225806451614,24.53548387096774
"Moldova, Republic of",2023-08,MDA,Europe,32.906451612903226,19.57741935483871,26.10967741935484
"Moldova, Republic of",2023-09,MDA,Europe,28.515384615384615,15.26923076923077,21.430769230769233
Monaco,2022-09,MCO,Europe,22.758823529411764,18.25294117647059,20.605882352941176
Monaco,2022-10,MCO,Europe,21.40967741935484,17.509677419354837,19.596774193548388
Monaco,2022-11,MCO,Europe,16.856666666666666,12.843333333333334,14.83
Monaco,2022-12,MCO,Europe,12.938709677419356,9.629032258064516,11.32258064516129
Monaco,2023-01,MCO,Europe,12.403225806451612,8.070967741935483,10.116129032258065
Monaco,2023-02,MCO,Europe,12.707142857142857,7.9750000000000005,10.167857142857143
Monaco,2023-03,MCO,Europe,15.783870967741937,11.580645161290322,13.319354838709677
Monaco,2023-04,MCO,Europe,15.906666666666666,11.706666666666667,13.879999999999999
Monaco,2023-05,MCO,Europe,19.79032258064516,15.845161290322581,17.835483870967742
Monaco,2023-06,MCO,Europe,24.336666666666666,20.09333333333333,22.23
Monaco,2023-07,MCO,Europe,28.019354838709678,22.793548387096774,25.200000000000003
Monaco,2023-08,MCO,Europe,27.003225806451614,22.883870967741935,25.06451612903226
Monaco,2023-09,MCO,Europe,24.984615384615385,22.72307692307692,23.930769230769233
Montenegro,2022-09,MNE,Europe,21.176470588235293,13.723529411764707,17.22941176470588
Montenegro,2022-10,MNE,Europe,21.838709677419356,11.683870967741935,16.374193548387098
Montenegro,2022-11,MNE,Europe,15.76,9.416666666666666,12.433333333333334
Montenegro,2022-12,MNE,Europe,12.819354838709677,7.5,10.016129032258064
Montenegro,2023-01,MNE,Europe,11.006451612903225,4.758064516129032,7.651612903225806
Montenegro,2023-02,MNE,Europe,10.614285714285714,2.4250000000000003,6.110714285714286
Montenegro,2023-03,MNE,Europe,14.051612903225807,6.422580645161291,9.96774193548387
Montenegro,2023-04,MNE,Europe,15.773333333333333,7.963333333333334,11.71
Montenegro,2023-05,MNE,Europe,21.61935483870968,13.19032258064516,17.470967741935485
Montenegro,2023-06,MNE,Europe,26.516666666666666,17.576666666666664,21.959999999999997
Montenegro,2023-07,MNE,Europe,32.829032258064515,21.654838709677417,27.177419354838708
Montenegro,2023-08,MNE,Europe,30.938709677419357,18.932258064516127,24.66774193548387
Montenegro,2023-09,MNE,Europe,29.13076923076923,16.753846153846155,22.43846153846154
Netherlands,2022-09,NLD,Europe,16.076470588235296,10.258823529411766,12.935294117647059
Netherlands,2022-10,NLD,Europe,17.103225806451615,10.729032258064516,13.580645161290322
Netherlands,2022-11,NLD,Europe,11.553333333333335,7.266666666666667,9.243333333333334
Netherlands,2022-12,NLD,Europe,6.535483870967742,2.403225806451613,4.33225806451613
Netherlands,2023-01,NLD,Europe,7.706451612903226,3.738709677419355,5.590322580645162
Netherlands,2023-02,NLD,Europe,8.942857142857143,3.664285714285714,5.989285714285714
Netherlands,2023-03,NLD,Europe,10.258064516129032,4.093548387096774,6.832258064516129
Netherlands,2023-04,NLD,Europe,12.333333333333334,4.77,8.346666666666668
Netherlands,2023-05,NLD,Europe,17.02258064516129,8.667741935483871,12.703225806451613
Netherlands,2023-06,NLD,Europe,24.263333333333332,13.393333333333334,18.696666666666665
Netherlands,2023-07,NLD,Europe,22.374193548387098,14.280645161290321,18.083870967741937
Netherlands,2023-08,NLD,Europe,21.68064516129032,13.832258064516129,17.41290322580645
Netherlands,2023-09,NLD,Europe,25.646153846153844,15.86923076923077,20.16923076923077
North Macedonia,2022-09,MKD,Europe,23.11764705882353,11.882352941176471,17.011764705882353
North Macedonia,2022-10,MKD,Europe,20.241935483870968,9.906451612903227,14.625806451612902
North Macedonia,2022-11,MKD,Europe,13.883333333333333,6.8933333333333335,10.156666666666666
North Macedonia,2022-12,MKD,Europe,9.303225806451612,3.6096774193548384,6.348387096774194
North Macedonia,2023-01,MKD,Europe,7.925806451612903,2.161290322580645,4.829032258064516
North Macedonia,2023-02,MKD,Europe,9.185714285714285,0.5107142857142858,4.460714285714286
North Macedonia,2023-03,MKD,Europe,13.0,4.52258064516129,8.577419354838709
North Macedonia,2023-04,MKD,Europe,14.206666666666667,5.973333333333333,10.120000000000001
North Macedonia,2023-05,MKD,Europe,19.664516129032258,11.261290322580646,15.399999999999999
North Macedonia,2023-06,MKD,Europe,24.946666666666665,15.416666666666666,20.1
North Macedonia,2023-07,MKD,Europe,33.50322580645161,19.4741935483871,26.816129032258065
North Macedonia,2023-08,MKD,Europe,32.383870967741935,18.516129032258064,25.04516129032258
North Macedonia,2023-09,MKD,Europe,28.607692307692307,15.053846153846154,21.46923076923077
Norway,2022-09,NOR,Europe,6.776470588235294,2.6176470588235294,4.655882352941177
Norway,2022-10,NOR,Europe,3.106451612903226,-0.9935483870967742,1.1064516129032258
Norway,2022-11,NOR,Europe,1.5133333333333332,-1.95,-0.15499999999999997
Norway,2022-12,NOR,Europe,-7.430645161290323,-11.903225806451612,-9.675806451612903
Norway,2023-01,NOR,Europe,-4.550000000000001,-9.193548387096774,-6.861290322580645
Norway,2023-02,NOR,Europe,-4.0946428571428575,-9.394642857142857,-6.869642857142857
Norway,2023-03,NOR,Europe,-7.767741935483872,-14.619354838709677,-11.137096774193548
Norway,2023-04,NOR,Europe,0.5950000000000001,-5.825,-2.408333333333333
Norway,2023-05,NOR,Europe,6.229032258064516,-0.9774193548387096,2.8080645161290323
Norway,2023-06,NOR,Europe,12.838333333333333,5.803333333333333,9.396666666666667
Norway,2023-07,NOR,Europe,13.649999999999999,8.556451612903226,11.014516129032257
Norway,2023-08,NOR,Europe,12.685483870967742,8.353225806451613,10.398387096774194
Norway,2023-09,NOR,Europe,11.569230769230769,5.761538461538462,8.626923076923077
Poland,2022-09,POL,Europe,16.170588235294115,9.258823529411766,12.494117647058824
Poland,2022-10,POL,Europe,16.293548387096774,8.98709677419355,12.461290322580645
Poland,2022-11,POL,Europe,7.076666666666667,3.1966666666666668,5.0233333333333325
Poland,2022-12,POL,Europe,2.129032258064516,-1.6290322580645162,0.23225806451612904
Poland,2023-01,POL,Europe,4.980645161290322,1.8322580645161293,3.4322580645161294
Poland,2023-02,POL,Europe,3.8464285714285715,-0.8428571428571429,1.4964285714285714
Poland,2023-03,POL,Europe,8.341935483870968,2.0064516129032257,5.141935483870968
Poland,2023-04,POL,Europe,12.743333333333334,5.033333333333333,8.866666666666667
Poland,2023-05,POL,Europe,18.200000000000003,8.3,13.432258064516128
Poland,2023-06,POL,Europe,23.813333333333333,13.426666666666668,18.85
Poland,2023-07,POL,Europe,26.812903225806455,16.061290322580643,21.287096774193547
Poland,2023-08,POL,Europe,26.635483870967743,17.200000000000003,21.654838709677417
Poland,2023-09,POL,Europe,27.076923076923077,15.992307692307692,21.36923076923077
Portugal,2022-09,PRT,Europe,24.958823529411767,18.447058823529414,21.13529411764706
Portugal,2022-10,PRT,Europe,24.029032258064515,17.23225806451613,19.993548387096773
Portugal,2022-11,PRT,Europe,19.033333333333335,13.606666666666666,16.083333333333332
Portugal,2022-12,PRT,Europe,16.92258064516129,12.861290322580645,14.658064516129032
Portugal,2023-01,PRT,Europe,15.096774193548388,9.219354838709679,11.825806451612902
Portugal,2023-02,PRT,Europe,16.175,8.535714285714286,11.717857142857143
Portugal,2023-03,PRT,Europe,19.096774193548388,11.13225806451613,14.506451612903225
Portugal,2023-04,PRT,Europe,23.740000000000002,13.156666666666666,17.633333333333333
Portugal,2023-05,PRT,Europe,24.370967741935484,14.983870967741936,18.938709677419357
Portugal,2023-06,PRT,Europe,27.246666666666666,17.35,21.61
Portugal,2023-07,PRT,Europe,28.0,17.458064516129035,21.80322580645161
Portugal,2023-08,PRT,Europe,28.806451612903224,18.758064516129032,22.961290322580645
Portugal,2023-09,PRT,Europe,24.446153846153848,17.823076923076922,20.6
Romania,2022-09,ROU,Europe,24.11470588235294,13.461764705882352,18.405882352941177
Romania,2022-10,ROU,Europe,21.098387096774193,10.974193548387097,15.533870967741937
Romania,2022-11,ROU,Europe,13.913333333333332,7.475,10.303333333333335
Romania,2022-12,ROU,Europe,7.643548387096774,1.9258064516129034,4.382258064516129
Romania,2023-01,ROU,Europe,8.435483870967742,2.8451612903225807,5.375806451612903
Romania,2023-02,ROU,Europe,8.276785714285714,0.4875,3.9107142857142856
Romania,2023-03,ROU,Europe,14.169354838709678,5.861290322580645,9.566129032258065
Romania,2023-04,ROU,Europe,15.348333333333333,7.081666666666666,10.948333333333332
Romania,2023-05,ROU,Europe,21.08225806451613,11.775806451612903,16.31935483870968
Romania,2023-06,ROU,Europe,26.459999999999997,16.14,21.209999999999997
Romania,2023-07,ROU,Europe,32.95322580645161,20.26774193548387,26.57741935483871
Romania,2023-08,ROU,Europe,33.56290322580645,20.90806451612903,27.124193548387098
Romania,2023-09,ROU,Europe,29.73076923076923,17.71923076923077,23.61923076923077
Serbia,2022-09,SRB,Europe,21.68235294117647,12.341176470588236,16.676470588235293
Serbia,2022-10,SRB,Europe,21.322580645161292,11.683870967741935,16.016129032258064
Serbia,2022-11,SRB,Europe,13.706666666666667,7.67,10.443333333333333
Serbia,2022-12,SRB,Europe,9.0,3.3225806451612905,5.864516129032259
Serbia,2023-01,SRB,Europe,8.509677419354839,3.616129032258064,5.793548387096774
Serbia,2023-02,SRB,Europe,8.575,1.1535714285714287,4.478571428571429
Serbia,2023-03,SRB,Europe,14.416129032258064,5.561290322580645,9.66451612903226
Serbia,2023-04,SRB,Europe,14.413333333333332,6.6033333333333335,10.276666666666667
Serbia,2023-05,SRB,Europe,20.861290322580647,12.038709677419355,16.374193548387098
Serbia,2023-06,SRB,Europe,25.466666666666665,15.696666666666667,20.513333333333332
Serbia,2023-07,SRB,Europe,31.574193548387097,19.02258064516129,25.141935483870967
Serbia,2023-08,SRB,Europe,31.15483870967742,18.874193548387098,24.825806451612905
Serbia,2023-09,SRB,Europe,31.715384615384615,17.3,24.23076923076923
Slovakia,2022-09,SVK,Europe,16.558823529411764,9.823529411764707,12.958823529411765
Slovakia,2022-10,SVK,Europe,17.770967741935483,9.496774193548386,13.283870967741937
Slovakia,2022-11,SVK,Europe,10.036666666666667,4.1466666666666665,6.836666666666667
Slovakia,2022-12,SVK,Europe,4.245161290322581,-0.07741935483870972,2.0870967741935487
Slovakia,2023-01,SVK,Europe,5.65483870967742,1.096774193548387,3.2193548387096773
Slovakia,2023-02,SVK,Europe,7.667857142857143,0.5357142857142857,3.832142857142857
Slovakia,2023-03,SVK,Europe,12.27741935483871,3.4709677419354836,7.66774193548387
Slovakia,2023-04,SVK,Europe,12.253333333333334,4.056666666666667,8.09
Slovakia,2023-05,SVK,Europe,18.31935483870968,9.23225806451613,13.609677419354838
Slovakia,2023-06,SVK,Europe,24.026666666666664,13.67,18.913333333333334
Slovakia,2023-07,SVK,Europe,28.47741935483871,16.996774193548386,22.529032258064515
Slovakia,2023-08,SVK,Europe,26.467741935483872,16.629032258064516,21.30322580645161
Slovakia,2023-09,SVK,Europe,27.576923076923077,15.553846153846155,21.123076923076926
Slovenia,2022-09,SVN,Europe,16.38235294117647,8.964705882352941,12.41764705882353
Slovenia,2022-10,SVN,Europe,18.5,9.654838709677419,13.464516129032257
Slovenia,2022-11,SVN,Europe,9.913333333333332,4.37,6.913333333333333
Slovenia,2022-12,SVN,Europe,4.670967741935484,0.932258064516129,2.796774193548387
Slovenia,2023-01,SVN,Europe,5.019354838709678,0.01612903225806446,2.3
Slovenia,2023-02,SVN,Europe,5.75,-1.9285714285714286,1.4964285714285714
Slovenia,2023-03,SVN,Europe,10.780645161290321,2.1806451612903226,6.090322580645162
Slovenia,2023-04,SVN,Europe,12.926666666666668,4.153333333333333,8.366666666666667
Slovenia,2023-05,SVN,Europe,18.03548387096774,9.85483870967742,13.600000000000001
Slovenia,2023-06,SVN,Europe,24.33,13.360000000000001,18.58
Slovenia,2023-07,SVN,Europe,26.85483870967742,16.00967741935484,21.32903225806452
Slovenia,2023-08,SVN,Europe,25.551612903225806,15.338709677419354,19.929032258064513
Slovenia,2023-09,SVN,Europe,24.684615384615384,11.546153846153846,17.184615384615384
Spain,2022-09,ESP,Europe,25.176470588235293,15.770588235294118,20.2
Spain,2022-10,ESP,Europe,24.27741935483871,14.709677419354838,19.019354838709678
Spain,2022-11,ESP,Europe,15.463333333333333,8.646666666666667,11.753333333333334
Spain,2022-12,ESP,Europe,11.983870967741936,6.696774193548387,9.048387096774194
Spain,2023-01,ESP,Europe,10.393548387096773,2.703225806451613,6.106451612903226
Spain,2023-02,ESP,Europe,12.667857142857143,2.539285714285714,7.0249999999999995
Spain,2023-03,ESP,Europe,18.770967741935483,7.622580645161291,12.480645161290322
Spain,2023-04,ESP,Europe,24.60666666666667,10.533333333333333,17.279999999999998
Spain,2023-05,ESP,Europe,24.316129032258065,11.980645161290322,17.864516129032257
Spain,2023-06,ESP,Europe,29.496666666666666,17.936666666666667,23.563333333333333
Spain,2023-07,ESP,Europe,35.73225806451613,21.312903225806455,28.551612903225806
Spain,2023-08,ESP,Europe,34.82258064516129,21.95483870967742,28.351612903225806
Spain,2023-09,ESP,Europe,27.638461538461538,19.9,23.853846153846156
Sweden,2022-09,SWE,Europe,13.547058823529412,8.158823529411764,10.617647058823529
Sweden,2022-10,SWE,Europe,12.196774193548388,7.161290322580645,9.687096774193549
Sweden,2022-11,SWE,Europe,6.506666666666666,4.123333333333333,5.443333333333333
Sweden,2022-12,SWE,Europe,-0.3548387096774193,-3.6516129032258067,-1.964516129032258
Sweden,2023-01,SWE,Europe,2.4322580645161294,-0.8709677419354839,0.8548387096774194
Sweden,2023-02,SWE,Europe,2.314285714285714,-2.1821428571428574,0.09285714285714286
Sweden,2023-03,SWE,Europe,3.019354838709677,-2.5516129032258066,0.24838709677419363
Sweden,2023-04,SWE,Europe,8.99,0.9666666666666667,4.72
Sweden,2023-05,SWE,Europe,16.196774193548386,6.203225806451614,11.225806451612904
Sweden,2023-06,SWE,Europe,22.5,11.56,17.166666666666668
Sweden,2023-07,SWE,Europe,20.983870967741936,12.648387096774194,16.81935483870968
Sweden,2023-08,SWE,Europe,19.870967741935484,13.261290322580646,16.322580645161292
Sweden,2023-09,SWE,Europe,21.200000000000003,12.36923076923077,16.33076923076923
Switzerland,2022-09,CHE,Europe,15.123529411764707,6.705882352941177,10.4
Switzerland,2022-10,CHE,Europe,19.0,8.425806451612903,12.916129032258064
Switzerland,2022-11,CHE,Europe,10.083333333333334,2.8366666666666664,6.090000000000001
Switzerland,2022-12,CHE,Europe,5.051612903225807,-1.7903225806451613,1.3225806451612903
Switzerland,2023-01,CHE,Europe,3.925806451612903,-2.8806451612903223,0.2612903225806451
Switzerland,2023-02,CHE,Europe,8.35,-1.3892857142857142,2.5107142857142857
Switzerland,2023-03,CHE,Europe,10.925806451612903,0.6838709677419355,5.254838709677419
Switzerland,2023-04,CHE,Europe,11.43,2.296666666666667,6.693333333333333
Switzerland,2023-05,CHE,Europe,17.532258064516128,7.009677419354839,12.251612903225807
Switzerland,2023-06,CHE,Europe,24.77,11.313333333333333,18.11
Switzerland,2023-07,CHE,Europe,24.9741935483871,13.438709677419356,19.174193548387095
Switzerland,2023-08,CHE,Europe,25.106451612903225,12.616129032258065,18.751612903225805
Switzerland,2023-09,CHE,Europe,26.93846153846154,12.899999999999999,18.96153846153846
United Kingdom of Great Britain and Northern Ireland,2022-09,GBR,Europe,17.476470588235294,10.51764705882353,13.947058823529412
United Kingdom of Great Britain and Northern Ireland,2022-10,GBR,Europe,17.425806451612903,11.406451612903227,14.406451612903227
United Kingdom of Great Britain and Northern Ireland,2022-11,GBR,Europe,12.51,8.05,10.246666666666666
United Kingdom of Great Britain and Northern Ireland,2022-12,GBR,Europe,7.429032258064517,3.2161290322580647,5.241935483870968
United Kingdom of Great Britain and Northern Ireland,2023-01,GBR,Europe,8.280645161290321,3.232258064516129,5.741935483870968
United Kingdom of Great Britain and Northern Ireland,2023-02,GBR,Europe,10.189285714285715,4.042857142857143,6.796428571428572
United Kingdom of Great Britain and Northern Ireland,2023-03,GBR,Europe,10.896774193548387,5.196774193548387,7.816129032258065
United Kingdom of Great Britain and Northern Ireland,2023-04,GBR,Europe,13.186666666666667,5.6033333333333335,9.143333333333334
United Kingdom of Great Britain and Northern Ireland,2023-05,GBR,Europe,17.348387096774193,8.516129032258064,12.812903225806451
United Kingdom of Great Britain and Northern Ireland,2023-06,GBR,Europe,23.7,13.04,18.243333333333332
United Kingdom of Great Britain and Northern Ireland,2023-07,GBR,Europe,21.79032258064516,13.932258064516128,17.81935483870968
United Kingdom of Great Britain and Northern Ireland,2023-08,GBR,Europe,21.76774193548387,14.09032258064516,17.76774193548387
United Kingdom of Great Britain and Northern Ireland,2023-09,GBR,Europe,26.36923076923077,17.807692307692307,21.73076923076923
